{"cameraMode":{"drawMode":0,"name":"Shaded","section":"Shading Mode"},"sceneLighting":false,"audioPlay":false,"sceneViewState":{"showFog":true,"showMaterialUpdate":true,"showSkybox":false,"showFlares":true,"showImageEffects":true,"showParticleSystems":true},"in2DMode":false,"pivot":{"x":2.7200002670288088,"y":3.4700002670288088,"z":3.95287823677063},"rotation":{"x":0.25166645646095278,"y":0.002060812897980213,"z":-0.0005357980844564736,"w":0.9678117036819458},"size":9.968513488769532,"orthographic":false}