{"cameraMode":{"drawMode":0,"name":"Shaded","section":"Shading Mode"},"sceneLighting":false,"audioPlay":false,"sceneViewState":{"showFog":true,"showMaterialUpdate":true,"showSkybox":false,"showFlares":true,"showImageEffects":true,"showParticleSystems":true},"in2DMode":false,"pivot":{"x":1.2000000476837159,"y":1.0099999904632569,"z":23.360000610351564},"rotation":{"x":0.12804946303367616,"y":-0.002351143630221486,"z":0.0003036491689272225,"w":0.9917649626731873},"size":1.6166646480560303,"orthographic":false}