{"cameraMode":{"drawMode":0,"name":"Shaded","section":"Shading Mode"},"sceneLighting":false,"audioPlay":false,"sceneViewState":{"showFog":true,"showMaterialUpdate":true,"showSkybox":false,"showFlares":true,"showImageEffects":true,"showParticleSystems":true},"in2DMode":false,"pivot":{"x":2.0799999237060549,"y":0.9300000071525574,"z":2.109999895095825},"rotation":{"x":0.12804946303367616,"y":-0.002351143630221486,"z":0.0003036491689272225,"w":0.9917649626731873},"size":3.8833882808685304,"orthographic":false}