{"cameraMode":{"drawMode":0,"name":"Shaded","section":"Shading Mode"},"sceneLighting":false,"audioPlay":false,"sceneViewState":{"showFog":true,"showMaterialUpdate":true,"showSkybox":false,"showFlares":true,"showImageEffects":true,"showParticleSystems":true},"in2DMode":false,"pivot":{"x":0.8199999928474426,"y":4.269999980926514,"z":47.560001373291019},"rotation":{"x":0.12804946303367616,"y":-0.002351143630221486,"z":0.0003036491689272225,"w":0.9917649626731873},"size":2.0005252361297609,"orthographic":false}