{"cameraMode":{"drawMode":0,"name":"Shaded","section":"Shading Mode"},"sceneLighting":false,"audioPlay":false,"sceneViewState":{"showFog":true,"showMaterialUpdate":true,"showSkybox":false,"showFlares":true,"showImageEffects":true,"showParticleSystems":true},"in2DMode":false,"pivot":{"x":22.75,"y":8.550332069396973,"z":35.98212432861328},"rotation":{"x":0.16718773543834687,"y":0.16478992998600007,"z":-0.02835482358932495,"w":0.9716421961784363},"size":14.714300155639649,"orthographic":false}