{"cameraMode":{"drawMode":0,"name":"Shaded","section":"Shading Mode"},"sceneLighting":false,"audioPlay":false,"sceneViewState":{"showFog":true,"showMaterialUpdate":true,"showSkybox":false,"showFlares":true,"showImageEffects":true,"showParticleSystems":true},"in2DMode":false,"pivot":{"x":15.463784217834473,"y":-14.975834846496582,"z":26.431419372558595},"rotation":{"x":0.23286056518554688,"y":0.32632169127464297,"z":-0.08328918367624283,"w":0.9123338460922241},"size":53.19790267944336,"orthographic":false}