{"cameraMode":{"drawMode":0,"name":"Shaded","section":"Shading Mode"},"sceneLighting":false,"audioPlay":false,"sceneViewState":{"showFog":true,"showMaterialUpdate":true,"showSkybox":false,"showFlares":true,"showImageEffects":true,"showParticleSystems":true},"in2DMode":false,"pivot":{"x":0.5099999904632568,"y":0.8600000143051148,"z":3.25},"rotation":{"x":0.12227596342563629,"y":0.14387653768062592,"z":-0.017917782068252565,"w":0.9818488359451294},"size":2.0083911418914797,"orthographic":false}