{"cameraMode":{"drawMode":0,"name":"Shaded","section":"Shading Mode"},"sceneLighting":true,"audioPlay":false,"sceneViewState":{"showFog":true,"showMaterialUpdate":true,"showSkybox":true,"showFlares":true,"showImageEffects":true,"showParticleSystems":true},"in2DMode":false,"pivot":{"x":1.9551445245742798,"y":3.2801566123962404,"z":41.34040832519531},"rotation":{"x":0.10821927338838577,"y":-0.8900521397590637,"z":0.34113046526908877,"w":0.28235742449760439},"size":2.0093209743499758,"orthographic":false}