{"cameraMode":{"drawMode":0,"name":"Shaded","section":"Shading Mode"},"sceneLighting":false,"audioPlay":false,"sceneViewState":{"showFog":true,"showMaterialUpdate":false,"showSkybox":false,"showFlares":true,"showImageEffects":true,"showParticleSystems":true},"in2DMode":false,"pivot":{"x":1.0919523239135743,"y":2.0769896507263185,"z":-5.314450263977051},"rotation":{"x":0.16307133436203004,"y":0.6874682903289795,"z":-0.1627810150384903,"w":0.688692569732666},"size":7.550080299377441,"orthographic":false}