{"cameraMode":{"drawMode":0,"name":"Shaded","section":"Shading Mode"},"sceneLighting":false,"audioPlay":false,"sceneViewState":{"showFog":true,"showMaterialUpdate":false,"showSkybox":false,"showFlares":true,"showImageEffects":true,"showParticleSystems":true},"in2DMode":false,"pivot":{"x":1.2999999523162842,"y":1.3032402992248536,"z":-0.07648831605911255},"rotation":{"x":-0.10946384072303772,"y":-0.6944921612739563,"z":0.10816149413585663,"w":-0.7028509974479675},"size":2.324708938598633,"orthographic":false}