{"cameraMode":{"drawMode":0,"name":"Shaded","section":"Shading Mode"},"sceneLighting":true,"audioPlay":false,"sceneViewState":{"showFog":true,"showMaterialUpdate":true,"showSkybox":true,"showFlares":true,"showImageEffects":true,"showParticleSystems":true},"in2DMode":false,"pivot":{"x":0.3570222854614258,"y":0.9617629051208496,"z":1.1717607975006104},"rotation":{"x":0.1308370977640152,"y":0.5201623439788818,"z":-0.08101045340299607,"w":0.8400919437408447},"size":10.245466232299805,"orthographic":false}