{"cameraMode":{"drawMode":0,"name":"Shaded","section":"Shading Mode"},"sceneLighting":true,"audioPlay":false,"sceneViewState":{"showFog":true,"showMaterialUpdate":false,"showSkybox":true,"showFlares":true,"showImageEffects":true,"showParticleSystems":true},"in2DMode":false,"pivot":{"x":-9.853729248046875,"y":-5.082433223724365,"z":5.076821327209473},"rotation":{"x":-0.181648388504982,"y":0.46019992232322695,"z":-0.09679526835680008,"w":-0.8636264801025391},"size":17.68254280090332,"orthographic":false}