{"cameraMode":{"drawMode":0,"name":"Shaded","section":"Shading Mode"},"sceneLighting":false,"audioPlay":false,"sceneViewState":{"showFog":true,"showMaterialUpdate":false,"showSkybox":false,"showFlares":true,"showImageEffects":true,"showParticleSystems":true},"in2DMode":false,"pivot":{"x":0.7300000190734863,"y":1.4306641817092896,"z":23.713560104370118},"rotation":{"x":-0.08113060891628266,"y":0.7867441773414612,"z":-0.10590693354606629,"w":-0.6026914715766907},"size":78.05026245117188,"orthographic":false}